userid,timestamp,x,y
0,1543090278,4.0,15.0
0,1543090279,13.0,6.0
0,1543090280,17.3,3.2
0,1543090281,17.3,3.2
0,1543090282,13.2,15.34
0,1543090283,17.4,21.42
0,1543090284,17.4,21.42
0,1543090285,13.0,6.0
0,1543090286,17.4,21.42
0,1543090287,7.0,15.29
0,1543090288,7.0,15.29
0,1543090289,4.5,1.1
0,1543090290,16.0,15.26
0,1543090291,7.0,15.29
0,1543090292,3.0,21.05
0,1543090293,3.5,6.5
0,1543090294,17.4,21.42
0,1543090295,3.5,6.5
0,1543090296,4.0,15.0
0,1543090297,4.0,15.0
0,1543090298,4.0,15.0
0,1543090299,7.0,15.29
0,1543090300,7.0,15.29
0,1543090301,7.0,15.29
0,1543090302,3.5,6.5
0,1543090303,4.0,15.0
0,1543090304,4.0,15.0
0,1543090305,4.0,15.0
0,1543090306,17.4,21.42
0,1543090307,3.5,6.5
0,1543090308,17.4,21.42
0,1543090309,7.0,15.29
0,1543090310,7.0,15.29
0,1543090311,4.5,1.1
0,1543090312,16.0,15.26
0,1543090313,3.0,21.05
0,1543090314,3.0,21.05
0,1543090315,3.0,21.05
0,1543090316,3.0,21.05
0,1543090317,3.0,21.05
0,1543090318,16.0,15.26
0,1543090319,3.0,21.05
0,1543090320,16.0,15.26
0,1543090321,3.0,21.05
0,1543090322,13.0,6.0
0,1543090784,4.0,15.0
0,1543090785,17.4,21.42
0,1543090786,4.0,15.0
0,1543090787,7.0,15.29
0,1543090788,3.0,21.05
0,1543090789,7.0,15.29
0,1543090790,17.3,3.2
0,1543090791,13.0,6.0
0,1543090792,3.0,21.05
0,1543090793,16.0,15.26
0,1543090794,7.0,15.29
0,1543090795,17.4,21.42
0,1543090796,17.4,21.42
0,1543090797,3.0,21.05
0,1543090798,3.0,21.05
0,1543090799,16.0,15.26
0,1543090800,13.0,6.0
0,1543090801,13.0,6.0
0,1543090802,3.0,21.05
0,1543090803,3.0,21.05
0,1543090804,13.0,6.0
0,1543090805,17.3,3.2
0,1543090806,17.4,21.42
0,1543090807,13.0,6.0
0,1543090808,17.4,21.42
0,1543090809,3.5,6.5
0,1543090810,3.5,6.5
0,1543090811,3.0,21.05
0,1543090812,17.3,3.2
0,1543090813,3.5,6.5
0,1543090814,3.5,6.5
0,1543090815,4.5,1.1
0,1543090816,3.5,6.5
0,1543090817,3.0,21.05
0,1543090818,3.0,21.05
0,1543090819,3.0,21.05
0,1543090820,17.3,3.2
0,1543090821,3.0,21.05
0,1543090822,3.0,21.05
0,1543090823,3.5,6.5
0,1543090922,4.0,15.0
0,1543090923,17.4,21.42
0,1543090924,16.0,15.26
0,1543090925,17.3,3.2
0,1543090926,13.0,6.0
0,1543090927,16.0,15.26
0,1543090928,7.0,15.29
0,1543090929,13.0,6.0
0,1543090930,3.5,6.5
0,1543090931,16.0,15.26
0,1543090932,3.5,6.5
0,1543090933,3.0,21.05
0,1543090934,16.0,15.26
0,1543090935,13.0,6.0
0,1543090936,3.5,6.5
0,1543090937,3.5,6.5
0,1543090938,17.4,21.42
0,1543090939,13.2,15.34
0,1543090940,3.0,21.05
0,1543090941,3.5,6.5
0,1543090942,16.0,15.26
0,1543090943,3.5,6.5
0,1543090944,13.0,6.0
0,1543090945,16.0,15.26
0,1543090946,17.4,21.42
0,1543090947,17.3,3.2
0,1543090948,7.0,15.29
0,1543090949,16.0,15.26
0,1543090950,3.5,6.5
0,1543090951,17.4,21.42
0,1543090952,17.4,21.42
0,1543090953,3.0,21.05
0,1543090954,3.0,21.05
0,1543090955,7.0,15.29
0,1543090956,3.5,6.5
0,1543090957,7.0,15.29
0,1543090958,7.0,15.29
0,1543090959,7.0,15.29
0,1543090960,16.0,15.26
0,1543090961,3.5,6.5
0,1543090962,3.5,6.5
0,1543090963,4.0,15.0
0,1543090964,7.0,15.29
0,1543090965,3.5,6.5
0,1543090966,3.5,6.5
0,1543090967,3.5,6.5
0,1543090968,3.0,21.05
0,1543090969,17.4,21.42
0,1543090970,3.0,21.05
0,1543090971,3.5,6.5
0,1543090972,3.0,21.05
0,1543090973,4.0,15.0
0,1543090974,7.0,15.29
0,1543090975,7.0,15.29
0,1543090976,7.0,15.29
0,1543090977,17.3,3.2
0,1543090978,17.3,3.2
0,1543090979,7.0,15.29
0,1543090980,3.5,6.5
0,1543090981,3.5,6.5
0,1543090982,3.5,6.5
0,1543090983,4.0,15.0
0,1543090984,4.0,15.0
0,1543090985,17.3,3.2
0,1543090986,7.0,15.29
0,1543090987,7.0,15.29
0,1543090988,7.0,15.29
0,1543090989,3.0,21.05
0,1543090990,4.0,15.0
0,1543090991,3.5,6.5
0,1543090992,17.3,3.2
0,1543090993,4.5,1.1
0,1543090994,4.0,15.0
0,1543090995,3.5,6.5
0,1543090996,13.0,6.0
0,1543090997,13.0,6.0
0,1543090998,17.3,3.2
0,1543090999,17.4,21.42
0,1543091000,17.4,21.42
0,1543091001,16.0,15.26
0,1543091002,7.0,15.29
0,1543091003,17.3,3.2
0,1543091004,17.3,3.2
0,1543091005,13.0,6.0
0,1543091006,17.3,3.2
0,1543091007,17.3,3.2
0,1543091008,13.0,6.0
0,1543091009,13.0,6.0
0,1543091010,16.0,15.26
0,1543091011,13.0,6.0
0,1543091012,16.0,15.26
0,1543091013,17.3,3.2
0,1543091014,13.2,15.34
0,1543091015,10.0,15.31
0,1543091016,16.0,15.26
0,1543091017,16.0,15.26
0,1543091018,3.0,21.05
0,1543091019,17.4,21.42
0,1543091020,17.4,21.42
0,1543091021,17.4,21.42
0,1543091022,17.4,21.42
0,1543091023,16.0,15.26
0,1543091024,3.0,21.05
0,1543091025,13.2,15.34
0,1543091026,7.0,15.29
0,1543091027,17.3,3.2
0,1543091028,17.3,3.2
0,1543091029,13.0,6.0
0,1543091030,4.0,15.0
0,1543091031,13.0,6.0
0,1543091032,13.0,6.0
0,1543091033,4.0,15.0
0,1543091034,3.0,21.05
0,1543091035,13.0,6.0
0,1543091036,7.0,15.29
0,1543091131,13.2,15.34
0,1543091132,17.3,3.2
0,1543091133,13.2,15.34
0,1543091134,4.0,15.0
0,1543091135,3.5,6.5
0,1543091136,17.4,21.42
0,1543091137,4.0,15.0
0,1543091138,17.4,21.42
0,1543091139,13.0,6.0
0,1543091140,17.4,21.42
0,1543091141,7.0,15.29
0,1543091142,7.0,15.29
0,1543091143,7.0,15.29
0,1543091144,3.0,21.05
0,1543091145,3.0,21.05
0,1543091146,7.0,15.29
0,1543091147,3.5,6.5
0,1543091148,3.0,21.05
0,1543091149,3.5,6.5
0,1543091150,3.0,21.05
0,1543091151,3.5,6.5
0,1543091152,3.0,21.05
0,1543091153,3.5,6.5
0,1543091154,7.0,15.29
0,1543091155,7.0,15.29
0,1543091156,4.0,15.0
0,1543091157,17.4,21.42
0,1543091158,7.0,15.29
0,1543091159,17.3,3.2
0,1543091160,17.3,3.2
0,1543091161,3.5,6.5
0,1543091162,4.0,15.0
0,1543091163,3.0,21.05
0,1543091164,4.5,1.1
0,1543091165,3.0,21.05
0,1543091166,4.0,15.0
0,1543091167,3.5,6.5
0,1543091168,3.5,6.5
0,1543091169,17.4,21.42
0,1543091170,13.0,6.0
0,1543091171,13.0,6.0
0,1543091172,3.0,21.05
0,1543091173,3.5,6.5
0,1543091174,4.5,1.1
0,1543091175,4.5,1.1
0,1543091176,7.0,15.29
0,1543091177,3.5,6.5
0,1543091178,4.5,1.1
0,1543091179,7.0,15.29
0,1543091180,3.5,6.5
0,1543091181,3.5,6.5
0,1543091182,4.0,15.0
0,1543091183,13.0,6.0
0,1543091184,4.0,15.0
0,1543091185,3.0,21.05
0,1543091186,13.0,6.0
0,1543091187,3.0,21.05
0,1543091188,17.3,3.2
0,1543091189,17.3,3.2
0,1543091190,3.0,21.05
0,1543091191,3.0,21.05
0,1543091192,3.5,6.5
0,1543091193,3.5,6.5
0,1543091194,13.0,6.0
0,1543091195,4.5,1.1
0,1543091196,13.0,6.0
0,1543091197,17.3,3.2
0,1543091198,3.5,6.5
0,1543091199,4.5,1.1
0,1543091200,4.5,1.1
0,1543091201,17.4,21.42
0,1543091202,17.4,21.42
0,1543091203,3.0,21.05
0,1543091204,3.0,21.05
0,1543091205,17.3,3.2
0,1543091206,13.2,15.34
0,1543091207,13.0,6.0
0,1543091208,17.3,3.2
0,1543091209,4.5,1.1
0,1543091210,3.5,6.5
0,1543091211,13.0,6.0
0,1543091212,4.5,1.1
0,1543091213,3.5,6.5
0,1543091214,3.5,6.5
0,1543091215,3.5,6.5
0,1543091216,13.0,6.0
0,1543091217,13.0,6.0
0,1543091218,17.4,21.42
0,1543091219,13.0,6.0
0,1543091220,3.0,21.05
0,1543091221,13.0,6.0
0,1543091222,16.0,15.26
0,1543091275,3.5,6.5
0,1543091276,13.0,6.0
0,1543091277,16.0,15.26
0,1543091278,17.3,3.2
0,1543091279,3.0,21.05
0,1543091280,4.0,15.0
0,1543091281,3.0,21.05
0,1543091282,16.0,15.26
0,1543091283,7.0,15.29
0,1543091284,16.0,15.26
0,1543091285,3.5,6.5
0,1543091286,7.0,15.29
0,1543091287,17.4,21.42
0,1543091288,17.4,21.42
0,1543091289,3.5,6.5
0,1543091290,17.4,21.42
0,1543091291,7.0,15.29
0,1543091292,17.4,21.42
0,1543091293,17.3,3.2
0,1543091294,7.0,15.29
0,1543091295,3.5,6.5
0,1543091296,4.0,15.0
0,1543091297,4.0,15.0
0,1543091298,7.0,15.29
0,1543091299,4.0,15.0
0,1543091300,3.0,21.05
0,1543091301,4.0,15.0
0,1543091302,3.0,21.05
0,1543091303,3.5,6.5
0,1543091304,3.5,6.5
0,1543091305,3.5,6.5
0,1543091306,3.5,6.5
0,1543091307,10.0,15.31
0,1543091308,4.0,15.0
0,1543091309,7.0,15.29
0,1543091310,7.0,15.29
0,1543091311,3.0,21.05
0,1543091312,3.5,6.5
0,1543091313,3.5,6.5
0,1543091314,4.0,15.0
0,1543091315,17.4,21.42
0,1543091316,4.0,15.0
0,1543091317,17.4,21.42
0,1543091318,7.0,15.29
0,1543091319,17.4,21.42
0,1543091320,17.3,3.2
0,1543091321,3.0,21.05
0,1543091322,3.0,21.05
0,1543091323,3.5,6.5
0,1543091324,17.3,3.2
0,1543091325,17.3,3.2
0,1543091326,17.3,3.2
0,1543091327,3.0,21.05
0,1543091328,3.0,21.05
0,1543091329,17.3,3.2
0,1543091330,17.3,3.2
0,1543091331,17.3,3.2
0,1543091332,3.0,21.05
0,1543091333,3.5,6.5
0,1543091334,3.0,21.05
0,1543091335,3.0,21.05
0,1543091336,3.0,21.05
0,1543091337,17.4,21.42
0,1543091338,7.0,15.29
0,1543091339,3.0,21.05
0,1543091340,4.0,15.0
0,1543091341,16.0,15.26
0,1543091342,4.5,1.1
0,1543091343,17.4,21.42
0,1543091344,13.0,6.0
0,1543091345,3.0,21.05
0,1543091346,3.0,21.05
0,1543091347,4.5,1.1
0,1543091348,3.0,21.05
0,1543091349,4.0,15.0
0,1543091350,3.0,21.05
0,1543091351,3.0,21.05
0,1543091352,3.5,6.5
0,1543091353,4.5,1.1
0,1543091354,4.5,1.1
0,1543091355,17.4,21.42
0,1543091356,7.0,15.29
0,1543091357,17.3,3.2
0,1543091358,17.4,21.42
0,1543091359,7.0,15.29
0,1543091360,10.0,15.31
0,1543091361,7.0,15.29
0,1543091362,17.3,3.2
0,1543091363,3.0,21.05
0,1543091364,3.0,21.05
0,1543091365,17.3,3.2
0,1543091366,17.3,3.2
0,1543091367,16.0,15.26
0,1543091368,16.0,15.26
0,1543091369,17.3,3.2
0,1543091370,13.0,6.0
0,1543091371,13.0,6.0
0,1543091372,13.0,6.0
0,1543091373,17.4,21.42
0,1543091374,10.0,15.31
0,1543091375,10.0,15.31
0,1543091376,16.0,15.26
0,1543091377,16.0,15.26
0,1543091378,16.0,15.26
0,1543091379,16.0,15.26
0,1543091380,17.3,3.2
0,1543091381,13.0,6.0
0,1543091382,13.0,6.0
0,1543091383,16.0,15.26
0,1543091384,17.4,21.42
0,1543091385,17.4,21.42
0,1543091386,17.4,21.42
0,1543091387,17.4,21.42
0,1543091388,17.4,21.42
0,1543091389,17.4,21.42
0,1543091390,17.4,21.42
0,1543091391,3.0,21.05
0,1543091392,3.0,21.05
0,1543091393,3.0,21.05
0,1543091394,3.0,21.05
0,1543091395,3.0,21.05
0,1543091412,4.0,15.0
0,1543091413,16.0,15.26
0,1543091414,13.0,6.0
0,1543091415,17.4,21.42
0,1543091416,17.4,21.42
0,1543091417,7.0,15.29
0,1543091418,7.0,15.29
0,1543091419,16.0,15.26
0,1543091420,17.3,3.2
0,1543091421,3.5,6.5
0,1543091422,17.3,3.2
0,1543091423,4.0,15.0
0,1543091424,16.0,15.26
0,1543091425,16.0,15.26
0,1543091426,7.0,15.29
0,1543091427,7.0,15.29
0,1543091428,3.5,6.5
0,1543091429,17.4,21.42
0,1543091430,7.0,15.29
0,1543091431,17.3,3.2
0,1543091432,17.3,3.2
0,1543091433,16.0,15.26
0,1543091434,16.0,15.26
0,1543091435,16.0,15.26
0,1543091436,16.0,15.26
0,1543091437,4.0,15.0
0,1543091438,4.0,15.0
0,1543091439,4.0,15.0
0,1543091440,17.4,21.42
0,1543091441,7.0,15.29
0,1543091442,7.0,15.29
0,1543091443,7.0,15.29
0,1543091444,16.0,15.26
0,1543091445,17.3,3.2
0,1543091446,3.5,6.5
0,1543091447,7.0,15.29
0,1543091448,3.5,6.5
0,1543091449,17.4,21.42
0,1543091450,13.2,15.34
0,1543091451,3.5,6.5
0,1543091452,3.5,6.5
0,1543091453,17.4,21.42
0,1543091454,17.4,21.42
0,1543091455,4.0,15.0
0,1543091456,3.5,6.5
0,1543091457,3.0,21.05
0,1543091458,3.0,21.05
0,1543091459,13.0,6.0
0,1543091460,3.5,6.5
0,1543091461,13.0,6.0
0,1543091462,3.0,21.05
0,1543091463,17.3,3.2
0,1543091464,7.0,15.29
0,1543091465,7.0,15.29
0,1543091466,4.0,15.0
0,1543091467,4.0,15.0
0,1543091468,4.0,15.0
0,1543091469,3.5,6.5
0,1543091470,17.4,21.42
0,1543091471,16.0,15.26
0,1543091472,3.5,6.5
0,1543091473,16.0,15.26
0,1543091474,17.3,3.2
0,1543091475,4.0,15.0
0,1543091476,3.0,21.05
0,1543091477,17.3,3.2
0,1543091478,4.5,1.1
0,1543091479,3.5,6.5
0,1543091480,17.4,21.42
0,1543091481,3.5,6.5
0,1543091482,3.0,21.05
0,1543091483,4.0,15.0
0,1543091484,13.0,6.0
0,1543091485,3.0,21.05
0,1543091486,17.3,3.2
0,1543091487,17.3,3.2
0,1543091488,3.0,21.05
0,1543091489,4.5,1.1
0,1543091490,4.5,1.1
0,1543091491,4.5,1.1
0,1543091492,3.5,6.5
0,1543091493,17.3,3.2
0,1543091494,3.5,6.5
0,1543091495,4.5,1.1
0,1543091496,3.5,6.5
0,1543091497,4.5,1.1
0,1543091498,17.3,3.2
0,1543091499,17.3,3.2
0,1543091500,13.2,15.34
0,1543091501,13.0,6.0
0,1543091502,17.3,3.2
0,1543091503,3.0,21.05
0,1543091504,3.0,21.05
0,1543091505,17.4,21.42
0,1543091506,13.0,6.0
0,1543091507,13.0,6.0
0,1543091508,13.0,6.0
0,1543091509,17.4,21.42
0,1543091510,13.0,6.0
0,1543091511,17.4,21.42
0,1543091512,17.4,21.42
0,1543091513,13.0,6.0
0,1543091514,13.0,6.0
0,1543091515,17.4,21.42
0,1543091516,13.0,6.0
0,1543091517,13.0,6.0
0,1543091518,7.0,15.29
0,1543091519,13.0,6.0
0,1543091520,16.0,15.26
0,1543091521,16.0,15.26
0,1543091522,16.0,15.26
0,1543091523,17.4,21.42
0,1543091621,3.0,21.05
0,1543091622,13.0,6.0
0,1543091623,3.5,6.5
0,1543091624,13.0,6.0
0,1543091625,7.0,15.29
0,1543091626,17.4,21.42
0,1543091627,13.0,6.0
0,1543091628,13.2,15.34
0,1543091629,13.2,15.34
0,1543091630,7.0,15.29
0,1543091631,16.0,15.26
0,1543091632,17.3,3.2
0,1543091633,13.0,6.0
0,1543091634,17.4,21.42
0,1543091635,7.0,15.29
0,1543091636,10.0,15.31
0,1543091637,17.4,21.42
0,1543091638,7.0,15.29
0,1543091639,17.4,21.42
0,1543091640,7.0,15.29
0,1543091641,7.0,15.29
0,1543091642,3.0,21.05
0,1543091643,17.4,21.42
0,1543091644,17.4,21.42
0,1543091645,17.4,21.42
0,1543091646,3.5,6.5
0,1543091647,17.4,21.42
0,1543091648,7.0,15.29
0,1543091649,17.4,21.42
0,1543091650,17.4,21.42
0,1543091651,7.0,15.29
0,1543091652,7.0,15.29
0,1543091653,17.3,3.2
0,1543091654,3.5,6.5
0,1543091655,3.5,6.5
0,1543091656,10.0,15.31
0,1543091657,4.0,15.0
0,1543091658,17.4,21.42
0,1543091659,16.0,15.26
0,1543091660,3.5,6.5
0,1543091661,3.5,6.5
0,1543091662,4.0,15.0
0,1543091663,3.5,6.5
0,1543091664,17.4,21.42
0,1543091665,7.0,15.29
0,1543091666,7.0,15.29
0,1543091667,7.0,15.29
0,1543091668,4.0,15.0
0,1543091669,4.0,15.0
0,1543091670,7.0,15.29
0,1543091671,17.3,3.2
0,1543091672,17.4,21.42
0,1543091673,4.0,15.0
0,1543091674,3.5,6.5
0,1543091675,4.5,1.1
0,1543091676,3.5,6.5
0,1543091677,17.3,3.2
0,1543091678,17.3,3.2
0,1543091679,3.5,6.5
0,1543091680,17.3,3.2
0,1543091681,13.0,6.0
0,1543091682,13.0,6.0
0,1543091683,7.0,15.29
0,1543091684,13.0,6.0
0,1543091685,13.0,6.0
0,1543091686,3.0,21.05
0,1543091687,3.5,6.5
0,1543091688,3.0,21.05
0,1543091689,4.5,1.1
0,1543091690,3.5,6.5
0,1543091691,3.5,6.5
0,1543091692,13.0,6.0
0,1543091693,3.0,21.05
0,1543091694,3.0,21.05
0,1543091695,17.3,3.2
0,1543091696,4.5,1.1
0,1543091697,7.0,15.29
0,1543091698,7.0,15.29
0,1543091699,13.0,6.0
0,1543091700,13.0,6.0
0,1543091701,13.0,6.0
0,1543091702,13.0,6.0
0,1543091703,4.5,1.1
0,1543091704,17.3,3.2
0,1543091705,13.0,6.0
0,1543091706,13.0,6.0
0,1543091707,4.5,1.1
0,1543091708,3.5,6.5
0,1543091709,17.4,21.42
0,1543091710,3.0,21.05
0,1543091711,3.0,21.05
0,1543091712,3.0,21.05
0,1543091713,4.5,1.1
0,1543091714,17.3,3.2
0,1543091715,17.3,3.2
0,1543091716,3.5,6.5
0,1543091717,3.0,21.05
0,1543091718,17.4,21.42
0,1543091719,17.4,21.42
0,1543091720,17.3,3.2
0,1543091721,4.0,15.0
0,1543091722,17.3,3.2
0,1543091723,7.0,15.29
0,1543091724,3.5,6.5
0,1543091725,13.0,6.0
0,1543091726,17.4,21.42
0,1543091727,3.0,21.05
0,1543091728,16.0,15.26
0,1543091729,17.3,3.2
0,1543091730,3.0,21.05
0,1543091731,17.4,21.42
0,1543091732,3.5,6.5
0,1543091733,17.3,3.2
0,1543091734,3.5,6.5
0,1543091735,17.3,3.2
0,1543091736,17.4,21.42
0,1543091737,3.5,6.5
0,1543091738,3.5,6.5
0,1543091739,3.5,6.5
0,1543091740,3.5,6.5
0,1543091741,17.4,21.42
0,1543091742,17.4,21.42
0,1543091743,17.4,21.42
0,1543091744,3.5,6.5
0,1543091745,3.5,6.5
0,1543091746,3.5,6.5
0,1543091747,3.5,6.5
0,1543091748,3.5,6.5
0,1543091749,3.5,6.5
0,1543091750,17.4,21.42
0,1543091751,17.4,21.42
0,1543091752,17.4,21.42
0,1543091753,17.4,21.42
0,1543091754,17.4,21.42
0,1543091755,17.4,21.42
0,1543091756,17.4,21.42
0,1543091757,17.4,21.42
0,1543091758,17.4,21.42
0,1543091759,17.4,21.42
0,1543091760,3.5,6.5
0,1543091761,3.5,6.5
0,1543091762,3.5,6.5
0,1543091763,3.5,6.5
0,1543091764,3.5,6.5
0,1543091765,3.5,6.5
0,1543091766,3.5,6.5
0,1543091767,3.5,6.5
0,1543091768,3.5,6.5
0,1543091769,3.5,6.5
0,1543091770,3.5,6.5
0,1543091771,3.5,6.5
0,1543091772,3.5,6.5
0,1543091773,3.5,6.5
0,1543091774,3.5,6.5
0,1543091775,3.5,6.5
0,1543091776,3.5,6.5
0,1543091777,3.5,6.5
0,1543091778,7.0,15.29
0,1543091779,7.0,15.29
0,1543091780,7.0,15.29
0,1543091781,7.0,15.29
0,1543091782,7.0,15.29
0,1543091783,7.0,15.29
